{
  "summary_json": "transport_analysis/outputs/20260409-153013_bwe_transport_matrix/mtd/vae/cutoff_4000hz/summary.json",
  "transport_vectors_path": "transport_analysis/outputs/20260409-153013_bwe_transport_matrix/mtd/vae/cutoff_4000hz/transport_vectors.pt",
  "codec": "vae",
  "condition_label": "cutoff_4000hz",
  "degradation_mode": "bwe",
  "source_metadata": {
    "filename": "bwe_4_GT.wav",
    "source": "external_audio",
    "input_is_degraded": false,
    "cutoff_freq": 4000.0,
    "hpf_cutoff_freq": NaN,
    "resample_factor": 5.5125,
    "noise_type": "none",
    "snr_db": NaN,
    "clipping_sdr": NaN,
    "clipping_applied": 0.0,
    "input_start_seconds": 0.0,
    "duration_seconds": 20.0,
    "clean_reference_path": null
  },
  "degraded_input_descriptors": {
    "spectral_centroid": 761.0949096679688,
    "spectral_bandwidth": 699.0541381835938,
    "spectral_rolloff": 1341.144775390625,
    "spectral_flatness": 3.800238482654095e-05,
    "highband_ratio": 1.1065552826039493e-05,
    "loudness_rms": 0.1199878379702568
  },
  "chunk_size_samples": 65536,
  "hop_size_samples": 32768,
  "methods": {
    "identity_latent": {
      "render_info": {
        "num_chunks": 26,
        "chunk_size_samples": 65536,
        "hop_size_samples": 32768,
        "transport_scale": 1.0,
        "bucket_ids": null,
        "adaptation_modes": [
          "identity"
        ]
      },
      "audio_report": {
        "audio_descriptors": {
          "spectral_centroid": 756.4579467773438,
          "spectral_bandwidth": 761.9308471679688,
          "spectral_rolloff": 1291.52978515625,
          "spectral_flatness": 0.001293605542741716,
          "highband_ratio": 0.0009472701349295676,
          "loudness_rms": 0.12430170923471451
        },
        "audio_vs_raw_clean": {
          "waveform_mse": 0.0006879993597976863,
          "snr_db": 13.209083557128906,
          "si_sdr": 13.330585479736328,
          "stft_l1": 0.11040244251489639,
          "spectral_centroid_shift": 235.81317138671875
        },
        "audio_vs_raw_clean_eval": {
          "sispec": 16.634584426879883,
          "lsd": 3.3467438220977783,
          "log_kurtosis_ratio": 0.013532718643546104,
          "log_kurtosis_ratio_pi": 0.09646937996149063,
          "mel_cepstral_distortion": 355.6054992675781,
          "fw_snr_seg": 2.4906036853790283,
          "snr": 13.209083557128906,
          "spectral_centroid_shift": 235.81324768066406,
          "si-snr": 13.334412574768066,
          "stft_loss": 0.24866695702075958,
          "stft_magnitude_loss": 0.08170176297426224,
          "mel_stft_loss": 3.948320150375366,
          "si-sdr": 13.334412574768066
        },
        "audio_vs_decoded_clean": {
          "waveform_mse": 0.00015064171748235822,
          "snr_db": 20.25473403930664,
          "si_sdr": 20.279447555541992,
          "stft_l1": 0.06295144557952881,
          "spectral_centroid_shift": 186.94781494140625
        },
        "audio_vs_decoded_clean_eval": {
          "sispec": 23.13920783996582,
          "lsd": 3.171269416809082,
          "log_kurtosis_ratio": 0.005690327845513821,
          "log_kurtosis_ratio_pi": 0.03884773701429367,
          "mel_cepstral_distortion": 334.3810729980469,
          "fw_snr_seg": 3.5731546878814697,
          "snr": 20.25473403930664,
          "spectral_centroid_shift": 186.9479217529297,
          "si-snr": 20.2805233001709,
          "stft_loss": 0.13350822031497955,
          "stft_magnitude_loss": 0.04601458087563515,
          "mel_stft_loss": 3.6853139400482178,
          "si-sdr": 20.2805233001709
        }
      },
      "clean_lowband_hybrid": {
        "cutoff_freq": 4000.0,
        "filename": "identity_latent_clean_lowband.wav",
        "audio_report": {
          "audio_descriptors": {
            "spectral_centroid": 772.6487426757812,
            "spectral_bandwidth": 793.8041381835938,
            "spectral_rolloff": 1350.16796875,
            "spectral_flatness": 0.001351462211459875,
            "highband_ratio": 0.0011250912211835384,
            "loudness_rms": 0.11998949944972992
          },
          "audio_vs_raw_clean": {
            "waveform_mse": 7.012663445493672e-06,
            "snr_db": 33.12649154663086,
            "si_sdr": 33.12436294555664,
            "stft_l1": 0.014318249188363552,
            "spectral_centroid_shift": 219.62237548828125
          },
          "audio_vs_raw_clean_eval": {
            "sispec": 33.29086685180664,
            "lsd": 3.322908878326416,
            "log_kurtosis_ratio": 0.0009106966899707913,
            "log_kurtosis_ratio_pi": 0.0011021525133401155,
            "mel_cepstral_distortion": 328.92523193359375,
            "fw_snr_seg": 34.93901062011719,
            "snr": 33.12649154663086,
            "spectral_centroid_shift": 219.622314453125,
            "si-snr": 33.124271392822266,
            "stft_loss": 0.023917613551020622,
            "stft_magnitude_loss": 0.010275745764374733,
            "mel_stft_loss": 3.5721075534820557,
            "si-sdr": 33.124271392822266
          },
          "audio_vs_decoded_clean": {
            "waveform_mse": 0.0007022417266853154,
            "snr_db": 13.56930923461914,
            "si_sdr": 13.460740089416504,
            "stft_l1": 0.11169899255037308,
            "spectral_centroid_shift": 170.75701904296875
          },
          "audio_vs_decoded_clean_eval": {
            "sispec": 17.062013626098633,
            "lsd": 3.178581953048706,
            "log_kurtosis_ratio": 0.01831231825053692,
            "log_kurtosis_ratio_pi": 0.11558885127305984,
            "mel_cepstral_distortion": 332.75506591796875,
            "fw_snr_seg": 2.7152557373046875,
            "snr": 13.56930923461914,
            "spectral_centroid_shift": 170.75698852539062,
            "si-snr": 13.462953567504883,
            "stft_loss": 0.2530578076839447,
            "stft_magnitude_loss": 0.08253838866949081,
            "mel_stft_loss": 3.783822536468506,
            "si-sdr": 13.462953567504883
          }
        }
      }
    },
    "mean_shift": {
      "render_info": {
        "num_chunks": 26,
        "chunk_size_samples": 65536,
        "hop_size_samples": 32768,
        "transport_scale": 1.0,
        "bucket_ids": null,
        "adaptation_modes": [
          "direct_reshape"
        ]
      },
      "audio_report": {
        "audio_descriptors": {
          "spectral_centroid": 1154.04248046875,
          "spectral_bandwidth": 2172.11279296875,
          "spectral_rolloff": 1562.26318359375,
          "spectral_flatness": 0.058206021785736084,
          "highband_ratio": 0.049635499715805054,
          "loudness_rms": 0.12380990386009216
        },
        "audio_vs_raw_clean": {
          "waveform_mse": 0.0007502104854211211,
          "snr_db": 12.833796501159668,
          "si_sdr": 12.889249801635742,
          "stft_l1": 0.12536412477493286,
          "spectral_centroid_shift": 161.7713623046875
        },
        "audio_vs_raw_clean_eval": {
          "sispec": 16.056682586669922,
          "lsd": 1.136238932609558,
          "log_kurtosis_ratio": 0.033485401421785355,
          "log_kurtosis_ratio_pi": 0.10925689339637756,
          "mel_cepstral_distortion": 321.47198486328125,
          "fw_snr_seg": 0.1654689460992813,
          "snr": 12.833796501159668,
          "spectral_centroid_shift": 215.7451934814453,
          "si-snr": 12.890137672424316,
          "stft_loss": 0.2892880141735077,
          "stft_magnitude_loss": 0.09332339465618134,
          "mel_stft_loss": 1.2913997173309326,
          "si-sdr": 12.890137672424316
        },
        "audio_vs_decoded_clean": {
          "waveform_mse": 0.00019093151786364615,
          "snr_db": 19.228017807006836,
          "si_sdr": 19.254098892211914,
          "stft_l1": 0.07871072739362717,
          "spectral_centroid_shift": 210.63671875
        },
        "audio_vs_decoded_clean_eval": {
          "sispec": 21.640857696533203,