{
  "summary_json": "transport_analysis/outputs/20260409-153013_bwe_transport_matrix/mtd/vae/cutoff_4000hz/summary.json",
  "transport_vectors_path": "transport_analysis/outputs/20260409-153013_bwe_transport_matrix/mtd/vae/cutoff_4000hz/transport_vectors.pt",
  "codec": "vae",
  "condition_label": "cutoff_4000hz",
  "degradation_mode": "bwe",
  "source_metadata": {
    "filename": "bwe_1_GT.wav",
    "source": "external_audio",
    "input_is_degraded": false,
    "cutoff_freq": 4000.0,
    "hpf_cutoff_freq": NaN,
    "resample_factor": 5.5125,
    "noise_type": "none",
    "snr_db": NaN,
    "clipping_sdr": NaN,
    "clipping_applied": 0.0,
    "input_start_seconds": 0.0,
    "duration_seconds": 20.0,
    "clean_reference_path": null
  },
  "degraded_input_descriptors": {
    "spectral_centroid": 1063.7481689453125,
    "spectral_bandwidth": 1121.883544921875,
    "spectral_rolloff": 2026.2581787109375,
    "spectral_flatness": 0.0001689375058049336,
    "highband_ratio": 7.38953094696626e-05,
    "loudness_rms": 0.10700177401304245
  },
  "chunk_size_samples": 65536,
  "hop_size_samples": 32768,
  "methods": {
    "identity_latent": {
      "render_info": {
        "num_chunks": 26,
        "chunk_size_samples": 65536,
        "hop_size_samples": 32768,
        "transport_scale": 1.0,
        "bucket_ids": null,
        "adaptation_modes": [
          "identity"
        ]
      },
      "audio_report": {
        "audio_descriptors": {
          "spectral_centroid": 1045.9129638671875,
          "spectral_bandwidth": 1284.318603515625,
          "spectral_rolloff": 1944.7744140625,
          "spectral_flatness": 0.010975435376167297,
          "highband_ratio": 0.0031950846314430237,
          "loudness_rms": 0.11183146387338638
        },
        "audio_vs_raw_clean": {
          "waveform_mse": 0.0003782051207963377,
          "snr_db": 14.851396560668945,
          "si_sdr": 15.144767761230469,
          "stft_l1": 0.18169192969799042,
          "spectral_centroid_shift": 3636.3385009765625
        },
        "audio_vs_raw_clean_eval": {
          "sispec": 17.42458724975586,
          "lsd": 4.749250888824463,
          "log_kurtosis_ratio": 0.015100855380296707,
          "log_kurtosis_ratio_pi": 0.07985016703605652,
          "mel_cepstral_distortion": 211.29171752929688,
          "fw_snr_seg": 1.7026971578598022,
          "snr": 14.851396560668945,
          "spectral_centroid_shift": 3636.4658203125,
          "si-snr": 15.145647048950195,
          "stft_loss": 0.32810989022254944,
          "stft_magnitude_loss": 0.12633733451366425,
          "mel_stft_loss": 5.885631084442139,
          "si-sdr": 15.145647048950195
        },
        "audio_vs_decoded_clean": {
          "waveform_mse": 0.0002457748632878065,
          "snr_db": 17.093780517578125,
          "si_sdr": 17.01801109313965,
          "stft_l1": 0.16509486734867096,
          "spectral_centroid_shift": 3446.8336181640625
        },
        "audio_vs_decoded_clean_eval": {
          "sispec": 18.95052719116211,
          "lsd": 4.68754243850708,
          "log_kurtosis_ratio": 0.01718698814511299,
          "log_kurtosis_ratio_pi": 0.05559144169092178,
          "mel_cepstral_distortion": 220.8262481689453,
          "fw_snr_seg": 2.530301094055176,
          "snr": 17.093780517578125,
          "spectral_centroid_shift": 3449.76123046875,
          "si-snr": 17.01909828186035,
          "stft_loss": 0.28929173946380615,
          "stft_magnitude_loss": 0.11333724111318588,
          "mel_stft_loss": 5.647564888000488,
          "si-sdr": 17.01909828186035
        }
      },
      "clean_lowband_hybrid": {
        "cutoff_freq": 4000.0,
        "filename": "identity_latent_clean_lowband.wav",
        "audio_report": {
          "audio_descriptors": {
            "spectral_centroid": 1147.296630859375,
            "spectral_bandwidth": 1326.17626953125,
            "spectral_rolloff": 2099.880859375,
            "spectral_flatness": 0.010791522450745106,
            "highband_ratio": 0.0038283891044557095,
            "loudness_rms": 0.10700727999210358
          },
          "audio_vs_raw_clean": {
            "waveform_mse": 0.00010746526095317677,
            "snr_db": 20.315994262695312,
            "si_sdr": 20.275423049926758,
            "stft_l1": 0.12585541605949402,
            "spectral_centroid_shift": 3534.954833984375
          },
          "audio_vs_raw_clean_eval": {
            "sispec": 20.332988739013672,
            "lsd": 4.733393669128418,
            "log_kurtosis_ratio": 0.009985021315515041,
            "log_kurtosis_ratio_pi": 0.05179684981703758,
            "mel_cepstral_distortion": 258.6880798339844,
            "fw_snr_seg": 31.28824806213379,
            "snr": 20.315994262695312,
            "spectral_centroid_shift": 3534.95947265625,
            "si-snr": 20.275421142578125,
            "stft_loss": 0.1982146054506302,
            "stft_magnitude_loss": 0.08689157664775848,
            "mel_stft_loss": 5.35821533203125,
            "si-sdr": 20.275421142578125
          },
          "audio_vs_decoded_clean": {
            "waveform_mse": 0.00037533443537540734,
            "snr_db": 15.254968643188477,
            "si_sdr": 15.276796340942383,
            "stft_l1": 0.1786223202943802,
            "spectral_centroid_shift": 3345.449951171875
          },
          "audio_vs_decoded_clean_eval": {
            "sispec": 17.93889617919922,
            "lsd": 4.687633991241455,
            "log_kurtosis_ratio": 0.04227292910218239,
            "log_kurtosis_ratio_pi": 0.07983030378818512,
            "mel_cepstral_distortion": 277.6799621582031,
            "fw_snr_seg": 2.23740553855896,
            "snr": 15.254968643188477,
            "spectral_centroid_shift": 3345.453857421875,
            "si-snr": 15.276775360107422,
            "stft_loss": 0.3253370225429535,
            "stft_magnitude_loss": 0.12334923446178436,
            "mel_stft_loss": 5.694820880889893,
            "si-sdr": 15.276775360107422
          }
        }
      }
    },
    "mean_shift": {
      "render_info": {
        "num_chunks": 26,
        "chunk_size_samples": 65536,
        "hop_size_samples": 32768,
        "transport_scale": 1.0,
        "bucket_ids": null,
        "adaptation_modes": [
          "direct_reshape"
        ]
      },
      "audio_report": {
        "audio_descriptors": {
          "spectral_centroid": 1890.9197998046875,
          "spectral_bandwidth": 3060.306640625,
          "spectral_rolloff": 3341.583251953125,
          "spectral_flatness": 0.13830536603927612,
          "highband_ratio": 0.06249651685357094,
          "loudness_rms": 0.10927300155162811
        },
        "audio_vs_raw_clean": {
          "waveform_mse": 0.00036787849967367947,
          "snr_db": 14.97189712524414,
          "si_sdr": 14.977651596069336,
          "stft_l1": 0.16984304785728455,
          "spectral_centroid_shift": 2791.3316650390625
        },
        "audio_vs_raw_clean_eval": {
          "sispec": 17.590715408325195,
          "lsd": 1.9976893663406372,
          "log_kurtosis_ratio": 0.004144650883972645,
          "log_kurtosis_ratio_pi": 0.061888761818408966,
          "mel_cepstral_distortion": 201.60374450683594,
          "fw_snr_seg": -0.16376782953739166,
          "snr": 14.97189712524414,
          "spectral_centroid_shift": 2797.199462890625,
          "si-snr": 14.977691650390625,
          "stft_loss": 0.32160961627960205,
          "stft_magnitude_loss": 0.1184854507446289,
          "mel_stft_loss": 2.4830105304718018,
          "si-sdr": 14.977691650390625
        },
        "audio_vs_decoded_clean": {
          "waveform_mse": 0.00024139201559592038,
          "snr_db": 17.17234230041504,
          "si_sdr": 17.151668548583984,
          "stft_l1": 0.15399321913719177,
          "spectral_centroid_shift": 2601.8267822265625
        },
        "audio_vs_decoded_clean_eval": {
          "sispec": 19.0634708404541,