{
  "summary_json": "transport_analysis/outputs/20260409-153013_bwe_transport_matrix/mtd/vae/cutoff_4000hz/summary.json",
  "transport_vectors_path": "transport_analysis/outputs/20260409-153013_bwe_transport_matrix/mtd/vae/cutoff_4000hz/transport_vectors.pt",
  "codec": "vae",
  "condition_label": "cutoff_4000hz",
  "degradation_mode": "bwe",
  "source_metadata": {
    "filename": "bwe_0_GT.wav",
    "source": "external_audio",
    "input_is_degraded": false,
    "cutoff_freq": 4000.0,
    "hpf_cutoff_freq": NaN,
    "resample_factor": 5.5125,
    "noise_type": "none",
    "snr_db": NaN,
    "clipping_sdr": NaN,
    "clipping_applied": 0.0,
    "input_start_seconds": 0.0,
    "duration_seconds": 20.0,
    "clean_reference_path": null
  },
  "degraded_input_descriptors": {
    "spectral_centroid": 934.1395263671875,
    "spectral_bandwidth": 1006.7870483398438,
    "spectral_rolloff": 1996.82666015625,
    "spectral_flatness": 5.794335083919577e-05,
    "highband_ratio": 5.580389915849082e-05,
    "loudness_rms": 0.14654485881328583
  },
  "chunk_size_samples": 65536,
  "hop_size_samples": 32768,
  "methods": {
    "identity_latent": {
      "render_info": {
        "num_chunks": 26,
        "chunk_size_samples": 65536,
        "hop_size_samples": 32768,
        "transport_scale": 1.0,
        "bucket_ids": null,
        "adaptation_modes": [
          "identity"
        ]
      },
      "audio_report": {
        "audio_descriptors": {
          "spectral_centroid": 872.3568115234375,
          "spectral_bandwidth": 1004.6329345703125,
          "spectral_rolloff": 1758.4364013671875,
          "spectral_flatness": 0.0016355655388906598,
          "highband_ratio": 0.002753982087597251,
          "loudness_rms": 0.15299947559833527
        },
        "audio_vs_raw_clean": {
          "waveform_mse": 0.0020606413017958403,
          "snr_db": 10.269338607788086,
          "si_sdr": 10.162344932556152,
          "stft_l1": 0.4971781075000763,
          "spectral_centroid_shift": 3414.8140869140625
        },
        "audio_vs_raw_clean_eval": {
          "sispec": 12.858725547790527,
          "lsd": 5.648803234100342,
          "log_kurtosis_ratio": 0.04669838398694992,
          "log_kurtosis_ratio_pi": 0.12608279287815094,
          "mel_cepstral_distortion": 926.7269897460938,
          "fw_snr_seg": 1.5157036781311035,
          "snr": 10.269338607788086,
          "spectral_centroid_shift": 3414.814208984375,
          "si-snr": 10.163470268249512,
          "stft_loss": 0.920177698135376,
          "stft_magnitude_loss": 0.35281869769096375,
          "mel_stft_loss": 6.763394832611084,
          "si-sdr": 10.163470268249512
        },
        "audio_vs_decoded_clean": {
          "waveform_mse": 0.0009283809922635555,
          "snr_db": 14.153223037719727,
          "si_sdr": 13.98471450805664,
          "stft_l1": 0.4267732799053192,
          "spectral_centroid_shift": 3231.8228759765625
        },
        "audio_vs_decoded_clean_eval": {
          "sispec": 15.905345916748047,
          "lsd": 5.676854133605957,
          "log_kurtosis_ratio": 0.008831252343952656,
          "log_kurtosis_ratio_pi": 0.1004970595240593,
          "mel_cepstral_distortion": 865.695068359375,
          "fw_snr_seg": 2.083261013031006,
          "snr": 14.153223037719727,
          "spectral_centroid_shift": 3231.822998046875,
          "si-snr": 13.984718322753906,
          "stft_loss": 0.7462069988250732,
          "stft_magnitude_loss": 0.29593318700790405,
          "mel_stft_loss": 6.549462795257568,
          "si-sdr": 13.984718322753906
        }
      },
      "clean_lowband_hybrid": {
        "cutoff_freq": 4000.0,
        "filename": "identity_latent_clean_lowband.wav",
        "audio_report": {
          "audio_descriptors": {
            "spectral_centroid": 963.4556884765625,
            "spectral_bandwidth": 1101.2152099609375,
            "spectral_rolloff": 2058.82666015625,
            "spectral_flatness": 0.0017387918196618557,
            "highband_ratio": 0.0032408221159130335,
            "loudness_rms": 0.146570086479187
          },
          "audio_vs_raw_clean": {
            "waveform_mse": 0.0004429889377206564,
            "snr_db": 16.945438385009766,
            "si_sdr": 16.85677719116211,
            "stft_l1": 0.33351564407348633,
            "spectral_centroid_shift": 3323.7152099609375
          },
          "audio_vs_raw_clean_eval": {
            "sispec": 16.899486541748047,
            "lsd": 5.628118991851807,
            "log_kurtosis_ratio": 0.0003777029050979763,
            "log_kurtosis_ratio_pi": 0.09814386069774628,
            "mel_cepstral_distortion": 937.83837890625,
            "fw_snr_seg": 34.83717727661133,
            "snr": 16.945438385009766,
            "spectral_centroid_shift": 3323.715576171875,
            "si-snr": 16.856706619262695,
            "stft_loss": 0.5342863202095032,
            "stft_magnitude_loss": 0.23428194224834442,
            "mel_stft_loss": 6.252599239349365,
            "si-sdr": 16.856706619262695
          },
          "audio_vs_decoded_clean": {
            "waveform_mse": 0.0019480393966659904,
            "snr_db": 10.934505462646484,
            "si_sdr": 10.58427906036377,
            "stft_l1": 0.4832157790660858,
            "spectral_centroid_shift": 3140.7239990234375
          },
          "audio_vs_decoded_clean_eval": {
            "sispec": 13.633875846862793,
            "lsd": 5.675111770629883,
            "log_kurtosis_ratio": 0.05590740963816643,
            "log_kurtosis_ratio_pi": 0.1201871931552887,
            "mel_cepstral_distortion": 890.6791381835938,
            "fw_snr_seg": 1.5576153993606567,
            "snr": 10.934505462646484,
            "spectral_centroid_shift": 3140.724365234375,
            "si-snr": 10.58536148071289,
            "stft_loss": 0.8965773582458496,
            "stft_magnitude_loss": 0.33856332302093506,
            "mel_stft_loss": 6.63123893737793,
            "si-sdr": 10.58536148071289
          }
        }
      }
    },
    "mean_shift": {
      "render_info": {
        "num_chunks": 26,
        "chunk_size_samples": 65536,
        "hop_size_samples": 32768,
        "transport_scale": 1.0,
        "bucket_ids": null,
        "adaptation_modes": [
          "direct_reshape"
        ]
      },
      "audio_report": {
        "audio_descriptors": {
          "spectral_centroid": 1488.7232666015625,
          "spectral_bandwidth": 2501.1865234375,
          "spectral_rolloff": 2769.62255859375,
          "spectral_flatness": 0.0888366773724556,
          "highband_ratio": 0.09189186245203018,
          "loudness_rms": 0.15010641515254974
        },
        "audio_vs_raw_clean": {
          "waveform_mse": 0.002082647755742073,
          "snr_db": 10.223526954650879,
          "si_sdr": 9.978309631347656,
          "stft_l1": 0.45335471630096436,
          "spectral_centroid_shift": 2798.4476318359375
        },
        "audio_vs_raw_clean_eval": {
          "sispec": 12.99590015411377,
          "lsd": 1.8652454614639282,
          "log_kurtosis_ratio": 0.05539636313915253,
          "log_kurtosis_ratio_pi": 0.06410092115402222,
          "mel_cepstral_distortion": 805.4838256835938,
          "fw_snr_seg": 3.4648184776306152,
          "snr": 10.223526954650879,
          "spectral_centroid_shift": 2798.44775390625,
          "si-snr": 9.97913932800293,
          "stft_loss": 0.8970962166786194,
          "stft_magnitude_loss": 0.32051441073417664,
          "mel_stft_loss": 2.184318780899048,
          "si-sdr": 9.97913932800293
        },
        "audio_vs_decoded_clean": {
          "waveform_mse": 0.0008497044327668846,
          "snr_db": 14.538595199584961,
          "si_sdr": 14.418636322021484,
          "stft_l1": 0.37213295698165894,
          "spectral_centroid_shift": 2615.4564208984375
        },
        "audio_vs_decoded_clean_eval": {
          "sispec": 16.620967864990234,